{"cameraMode":{"drawMode":0,"name":"Shaded","section":"Shading Mode"},"sceneLighting":true,"audioPlay":false,"sceneViewState":{"showFog":true,"showMaterialUpdate":false,"showSkybox":true,"showFlares":true,"showImageEffects":true,"showParticleSystems":true},"in2DMode":false,"pivot":{"x":23.18187713623047,"y":4.895019054412842,"z":-23.613277435302736},"rotation":{"x":0.08826722949743271,"y":0.2323659360408783,"z":-0.02117997594177723,"w":0.9683836102485657},"size":13.400507926940918,"orthographic":false}