{"cameraMode":{"drawMode":0,"name":"Shaded","section":"Shading Mode"},"sceneLighting":true,"audioPlay":false,"sceneViewState":{"showFog":true,"showMaterialUpdate":false,"showSkybox":true,"showFlares":true,"showImageEffects":true,"showParticleSystems":true},"in2DMode":false,"pivot":{"x":69.95535278320313,"y":8.511367797851563,"z":-56.290977478027347},"rotation":{"x":-0.26739224791526797,"y":0.636417031288147,"z":-0.25031808018684389,"w":-0.6788939833641052},"size":24.44391441345215,"orthographic":true}