{"cameraMode":{"drawMode":0,"name":"Shaded","section":"Shading Mode"},"sceneLighting":true,"audioPlay":false,"sceneViewState":{"showFog":true,"showMaterialUpdate":false,"showSkybox":true,"showFlares":true,"showImageEffects":true,"showParticleSystems":true},"in2DMode":false,"pivot":{"x":15.36248779296875,"y":5.73607063293457,"z":-61.020233154296878},"rotation":{"x":0.25415104627609255,"y":0.6643628478050232,"z":-0.2583012878894806,"w":0.6536902189254761},"size":153.15191650390626,"orthographic":false}