{"cameraMode":{"drawMode":0,"name":"Shaded","section":"Shading Mode"},"sceneLighting":true,"audioPlay":false,"sceneViewState":{"showFog":true,"showMaterialUpdate":false,"showSkybox":true,"showFlares":true,"showImageEffects":true,"showParticleSystems":true},"in2DMode":false,"pivot":{"x":34.46193313598633,"y":6.992674350738525,"z":-48.566802978515628},"rotation":{"x":0.29315781593322756,"y":0.16808775067329408,"z":-0.0524376705288887,"w":0.9397104382514954},"size":18.534931182861329,"orthographic":true}