{"cameraMode":{"drawMode":0,"name":"Shaded","section":"Shading Mode"},"sceneLighting":true,"audioPlay":false,"sceneViewState":{"showFog":true,"showMaterialUpdate":false,"showSkybox":true,"showFlares":true,"showImageEffects":true,"showParticleSystems":true},"in2DMode":false,"pivot":{"x":121.90697479248047,"y":-5.9501051902771,"z":-26.97101402282715},"rotation":{"x":0.23396003246307374,"y":0.3139793872833252,"z":-0.08014924079179764,"w":0.9166644215583801},"size":208.54296875,"orthographic":true}