{"cameraMode":{"drawMode":0,"name":"Shaded","section":"Shading Mode"},"sceneLighting":true,"audioPlay":false,"sceneViewState":{"showFog":true,"showMaterialUpdate":false,"showSkybox":true,"showFlares":true,"showImageEffects":true,"showParticleSystems":true},"in2DMode":false,"pivot":{"x":34.46193313598633,"y":6.992674350738525,"z":-48.566802978515628},"rotation":{"x":0.3796282708644867,"y":-0.004163066856563091,"z":0.0017086404841393233,"w":0.9251294732093811},"size":24.287010192871095,"orthographic":true}